Country Name,Country Code,Series Name,Series Code,1990 [YR1990],1991 [YR1991],1992 [YR1992],1993 [YR1993],1994 [YR1994],1995 [YR1995],1996 [YR1996],1997 [YR1997],1998 [YR1998],1999 [YR1999],2000 [YR2000],2001 [YR2001],2002 [YR2002],2003 [YR2003],2004 [YR2004],2005 [YR2005],2006 [YR2006],2007 [YR2007],2008 [YR2008],2009 [YR2009],2010 [YR2010],2011 [YR2011],2012 [YR2012],2013 [YR2013],2014 [YR2014],2015 [YR2015],2016 [YR2016],2017 [YR2017]
Bulgaria,BGR,"Government expenditure on education, total (% of government expenditure)",SE.XPD.TOTL.GB.ZS,..,..,..,..,..,..,..,..,8.95102,..,..,9.27774,9.65432,11.18025,6.703,12.07252,12.01048,11.11392,12.61226,12.65675,11.16342,11.10005,10.69092,11.4398,..,..,..,..
Bulgaria,BGR,"GDP per capita, PPP (constant 2017 international $)",NY.GDP.PCAP.PP.KD,10583.8675532626,9786.47168043251,9172.73622422576,9109.33303016892,9306.49167890282,9615.40661445947,9733.23249649045,9686.04433675727,10369.9780327934,9551.4565818696,10056.2019060593,10645.1532612568,11524.6814654455,12215.2960315217,13099.8995179599,14139.1370009924,15226.3186865473,16465.2256602832,17579.7062473734,17058.8259214738,17398.8560080617,17846.0959383883,17955.3231640631,18145.2742436362,18584.0274865246,19352.2010315814,20255.6226320691,21181.7717825613
Bulgaria,BGR,"GDP per capita, PPP (current international $)",NY.GDP.PCAP.PP.CD,7491.0589259877,7160.92069127977,6864.79715864622,6978.86880355856,7282.16728535569,7681.65106260925,6775.8406345088,5695.42579605598,6141.20457729288,5767.19114134622,6379.39098699151,6909.02265116545,7726.41129289764,8343.29617887978,9122.86833284325,10211.3030087224,11311.638802398,12799.9281220341,14328.9350724869,14156.8410403373,14945.2604469134,15676.0813635351,16208.2291162516,16571.0498499014,17534.3420112548,18186.485798929,19807.0842461553,21181.7717825613
Bulgaria,BGR,"GDP, PPP (constant 2017 international $)",NY.GDP.MKTP.PP.KD,92273216067.0659,84480415180.6001,78336671683.6288,77177120652.8296,78580209381.5587,80827752233.3895,81397329785.6953,80511059178.1413,85622689441.4762,78423418646.0565,82160899239.2325,85258544081.1686,90320784118.4127,94977921046.8835,101090090594.164,108291254394.765,115735583315.458,124235692853.11,131717021420.526,126993457219.334,128674962094.365,131138966474.745,131179580040.45,131827504086.555,134249862352.949,138909924834.882,144378472620.56,149881094499.499
Bulgaria,BGR,"GDP, PPP (current international $)",NY.GDP.MKTP.PP.CD,65309216632.7903,61815695465.0206,58626493561.5727,59127160889.6836,61487642151.1237,64572473502.9145,56665176230.1267,47340766505.7714,50706611976.9277,47352237997.7247,52120721618.9704,55335343494.4005,60553129254.6569,64871856048.6408,70399897722.9848,78208083827.3208,85980015393.0808,96579784056.4528,107360420095.648,105389796184.852,110529153215.932,115192987613.943,118415506601.673,120390582830.266,126666999560.1,130542431386.34,141181370845.599,149881094499.499
Bulgaria,BGR,"Inflation, GDP deflator (annual %)",NY.GDP.DEFL.KD.ZG,26.1880006603678,226.537860005017,59.5786492835572,51.0910538577888,72.7049683964406,134.521317574,69.7713957134241,779.470207767449,31.1674517190206,3.21756664558698,7.19676825327954,6.10840573205935,3.77370585338359,2.27115018306294,5.65948509574096,6.51169251194735,6.74143763509232,11.0913984829363,8.12976551430624,4.04741747488599,1.10747418336967,5.97862816604571,1.55524469369723,-0.70290592033966,0.462505958457399,2.20609281343893,2.2460996903189,3.40263633372714
Bulgaria,BGR,Net barter terms of trade index (2000 = 100),TT.PRI.MRCH.XD.WD,..,..,..,..,..,..,..,..,..,..,100,97.91723873,99.7322399,100.5348179,95.60445045,96.81494266,102.2686134,104.877412,105.0207828,107.0223123,107.8559273,106.6788436,107.0210749,106.3616058,107.1832668,111.4159724,112.766703,110.7334171
Czech Republic,CZE,"Government expenditure on education, total (% of government expenditure)",SE.XPD.TOTL.GB.ZS,..,..,..,..,..,..,9.24754,..,8.54842,8.90853,8.91229,8.67646,8.8648,8.38266,9.43307,9.20297,10.19694,9.57695,9.21464,9.43733,9.34049,9.92718,9.55685,9.60244,9.41373,13.88252,14.1515,..
Czech Republic,CZE,"GDP per capita, PPP (constant 2017 international $)",NY.GDP.PCAP.PP.KD,23661.7112261658,20963.6831792428,20836.1791994156,20827.4169396638,21425.6102450964,22772.542938515,23761.8234324542,23645.9894336651,23590.6016695585,23953.078906282,25045.2268041711,25870.7527071375,26349.0440974244,27306.2114599089,28637.2910939499,30466.1278437654,32466.0948093444,34085.5692629519,34710.7480526214,32856.0147077338,33505.2062512963,34030.442998817,33711.0490231477,33536.8724334961,34411.1911214653,36166.9931624967,36982.1887086232,38489.4963100125
Czech Republic,CZE,"GDP per capita, PPP (current international $)",NY.GDP.PCAP.PP.CD,12656.2410831208,11592.311270367,11784.3770453368,12058.5091137751,12669.7373582508,13748.591337746,14575.9700338471,14727.1912838595,14906.3587861548,15324.1064301742,16194.6281093041,17554.6593446962,18189.2343541554,19426.3862739107,20799.2512690536,21956.3838583853,23772.4721260917,26122.9882830928,27844.7953264656,27620.1988622677,27688.1426609856,28797.4179611691,29047.2464395949,30485.7141541113,32263.3157548997,33691.4242392608,35876.7274376121,38489.4963100125
Czech Republic,CZE,"GDP, PPP (constant 2017 international $)",NY.GDP.MKTP.PP.KD,244504862007.457,216105763220.512,215011096008.811,215144197011.27,221403407495.795,235177812379.408,245108935305.212,243651372749.101,242850452880.858,246330110041.157,256840378726.063,264311261461.504,268678989341.733,278359465009.888,292017349651.408,311096212096.302,332417260473.87,351041415121.228,360457338359.496,343146114822.63,350947267410.641,357186524394.568,354329588406.765,352615798795.08,362189727236.742,381419243744.287,390766083981.964,407774582307.656
Czech Republic,CZE,"GDP, PPP (current international $)",NY.GDP.MKTP.PP.CD,130781432077.472,119500244930.858,121604436209.207,124562650661.475,130923833258.635,141985181138.511,150354643707.911,151750908250.946,153451617416.505,157590965153.011,166076931522.484,179349020434.32,185474094813.637,198032542823.473,212092065914.918,224201378156.886,243404083714.201,269036163173.588,289157145081.601,288463589224.797,290016958369.654,302260233093.211,305309362168.598,320535090730.576,339582593690.886,355311747821.274,379085413179.319,407774582307.656
Czech Republic,CZE,"Inflation, GDP deflator (annual %)",NY.GDP.DEFL.KD.ZG,..,36.1923884424411,12.35726262796,21.0088029158267,12.3419666012958,9.10736666746128,9.97328680581502,8.36478588011738,9.94232384553193,2.99813479426206,1.76630393800519,4.8887061603361,2.71545886480209,1.1560692872403,3.8723934512398,0.073659956850932,0.690924061096894,3.51814694111572,2.05414010402735,2.59871744393287,-1.42544961806605,0.0209526134028692,1.45997467326534,1.43189790810385,2.47997675517824,1.16589854070284,1.26551124065224,1.44196536067402
Czech Republic,CZE,Net barter terms of trade index (2000 = 100),TT.PRI.MRCH.XD.WD,..,..,..,..,..,..,..,..,..,..,100,101.6740331,104.6376384,105.2148281,107.4870579,106.8300699,104.6608399,104.6695831,102.7103248,105.9000186,103.9245348,103.4428986,102.4043962,102.8048069,103.8567036,104.6008917,105.7980174,104.1405409
Latvia,LVA,"Government expenditure on education, total (% of government expenditure)",SE.XPD.TOTL.GB.ZS,..,..,..,..,..,..,..,..,15.66433,14.09594,14.60148,15.87752,16.37018,15.37676,14.50181,..,13.91163,14.06705,14.7631,13.02514,11.80903,12.71531,17.73655,18.74402,13.97237,14.12741,12.89329,..
Latvia,LVA,"GDP per capita, PPP (constant 2017 international $)",NY.GDP.PCAP.PP.KD,..,..,..,..,9529.18348451666,9492.15350722282,9844.08826745035,10831.5038347892,11630.0937694402,12056.7074151012,12854.6190222309,13844.5614218374,15003.0381904872,16426.7355786572,17992.2326391757,20141.6804897106,22743.8118753791,25225.7092426211,24639.1510842382,21482.7665110286,20953.3435954749,22679.4901359437,23911.8740857683,24732.0185871891,25444.1779182729,26489.7584963771,27207.1457853837,28488.92360721
Latvia,LVA,"GDP per capita, PPP (current international $)",NY.GDP.PCAP.PP.CD,..,..,..,..,5885.32699756741,5489.763590759,5776.00330587642,6465.93832923622,7047.96123014325,7390.39273741002,8017.56504733646,9018.46788017748,10052.5958806474,11011.1090632303,12199.2074682899,13836.8556061041,15742.4317132123,18125.9763967795,19466.0746088845,16936.9330870386,17600.4172371866,19789.4778399823,21291.2312357879,22692.8103512997,23844.2963195406,24830.9229657427,26404.5256861466,28488.92360721
Latvia,LVA,"GDP, PPP (constant 2017 international $)",NY.GDP.MKTP.PP.KD,..,..,..,..,24020613035.1275,23588533026.0451,24189110260.7209,26351434935.9708,28028746956.1326,28821342055.066,30433953266.0829,32357093618.2756,34659613745.6323,37583631800.8667,40718617514.8366,45093174138.6835,50453894280.4303,55504758689.2703,53647365717.0357,46008975070.9082,43950790625.4063,46713149948.4144,48644379778.2861,49776823013.4505,50730143938.25,52384212650.065,53313408830.8534,55332554898.2565
Latvia,LVA,"GDP, PPP (current international $)",NY.GDP.MKTP.PP.CD,..,..,..,..,14835390946.5021,13642369949.7972,14192922395.2723,15730664530.2207,16985720475.9086,17666600811.7094,18981986127.8214,21077692575.5144,23223235583.3829,25192922036.7631,27608294804.0511,30977938494.0902,34922333588.0264,39883039015.2438,42383912499.5656,36273304547.5848,36917843177.9469,40760565612.312,43313156236.3567,45672616675.1123,47540328804.5663,49103820599.6763,51740645049.4547,55332554898.2565
Latvia,LVA,"Inflation, GDP deflator (annual %)",NY.GDP.DEFL.KD.ZG,..,..,..,..,..,14.296902599053,12.4041516756555,5.88444886338617,4.80915552039318,1.49805296373395,3.59261670483177,2.28525016313297,5.09526441536605,4.94317949237322,6.77512095264564,11.1798415734485,12.444787546476,20.1254224683739,11.7252890427402,-9.72989880514285,-0.404400309513321,6.40387885921361,3.61925477030422,1.63771670832742,1.78329014938781,0.00222370976850073,0.85846588403848,2.98059379963252
Latvia,LVA,Net barter terms of trade index (2000 = 100),TT.PRI.MRCH.XD.WD,..,..,..,..,..,..,..,..,..,..,100,101.1716611,104.5330474,103.8803488,106.4882036,103.512872,102.3876354,107.886907,103.5360047,103.4397342,106.0127974,104.7710081,101.8359208,103.1307125,103.5507854,104.8781089,106.565834,105.3172263
Lithuania,LTU,"Government expenditure on education, total (% of government expenditure)",SE.XPD.TOTL.GB.ZS,..,..,..,47.27874,21.9346,20.65736,18.32268,16.71701,16.61294,..,..,16.67028,17.4651,15.93098,15.57213,14.57956,14.28965,13.32594,13.05296,12.77761,12.85882,12.33635,13.53597,13.28802,13.19014,12.28826,12.02524,..
Lithuania,LTU,"GDP per capita, PPP (constant 2017 international $)",NY.GDP.PCAP.PP.KD,..,..,..,..,..,10671.4719446213,11306.692042994,12335.0587679254,13352.5202172779,13295.0096487321,13901.8708276818,14931.4194274433,16069.3783550623,17907.7316366874,19296.1852213958,21128.5515595877,23058.6059472163,25921.2117447776,26877.4548412663,23151.4238149608,23992.4515963291,26019.1980141278,27381.3805315612,28644.145309623,29905.0027919257,30801.4226065896,31992.6451834056,33821.1954485172
Lithuania,LTU,"GDP per capita, PPP (current international $)",NY.GDP.PCAP.PP.CD,..,..,..,..,..,5922.32626002505,6376.14373777533,7068.31731343017,7762.96813723723,7821.64084809079,8459.60505656967,9451.72349386505,10494.3492320996,12067.9009141657,13031.5332665965,14526.075205912,16481.7946016473,19094.2025447007,20744.0735483349,18159.6812923202,20053.9040755309,22823.9541631041,24645.6935431893,26679.9785684523,28156.1858355089,28823.8180924943,30924.9309431662,33821.1954485172
Lithuania,LTU,"GDP, PPP (constant 2017 international $)",NY.GDP.MKTP.PP.KD,..,..,..,..,..,38727860177.1692,40722329049.0437,44099524998.3846,47392513935.3112,46854778214.4282,48650097428.8223,51824239314.3197,55327946324.8291,61158717886.1262,65164664706.5451,70200204156.1736,75399543114.2561,83759055983.6293,85960309274.438,73226008807.1206,74311388465.1814,78789123794.5505,81809349454.9243,84720473496.6736,87692443321.9509,89475360544.1083,91762296687.0446,95659970670.1725
Lithuania,LTU,"GDP, PPP (current international $)",NY.GDP.MKTP.PP.CD,..,..,..,..,..,21492726074.9094,22964402175.8402,25270202754.9848,27553343461.5084,27565323899.1938,29604692441.2476,32805212033.5297,36132747527.5176,41214452084.7705,44008465206.2913,48263291601.7483,53893968504.078,61698982117.4761,66344339088.5645,57437546514.3803,62112596122.8684,69113557960.608,73635737734.6153,78911079132.147,82564270189.9137,83730597415.0676,88699845604.0485,95659970670.1725
Lithuania,LTU,"Inflation, GDP deflator (annual %)",NY.GDP.DEFL.KD.ZG,..,..,..,..,..,..,18.9818334175257,11.4505653143562,3.35039209650807,-1.25930488292347,1.28047492299845,-0.321999338204932,0.316685364242915,-0.807966349120932,2.68824540273197,6.89836196046085,6.74398777846079,8.56798765446476,9.70480695282421,-3.29513424570823,2.27287719920912,5.37761981909664,2.77711045420136,1.35365104395785,0.918221818685311,0.0913269037972952,1.61362173854387,4.25194117227659
Lithuania,LTU,Net barter terms of trade index (2000 = 100),TT.PRI.MRCH.XD.WD,..,..,..,..,..,..,..,..,..,..,100,98.90086514,101.1330627,105.3046272,106.3718921,102.6137494,99.6469433,100.8743581,97.56029091,98.65657275,96.50703847,95.83149196,95.6437443,96.31492668,98.39500854,100.5257272,101.3568379,100.6878674
Poland,POL,"Government expenditure on education, total (% of government expenditure)",SE.XPD.TOTL.GB.ZS,..,..,..,..,..,..,16.79591,..,11.27881,10.8919,11.8693,11.83149,11.88938,11.64438,12.28659,12.22228,12.66541,11.26715,11.37921,11.07648,11.06464,10.98486,11.22697,11.59794,11.57975,11.54798,11.28603,..
Poland,POL,"GDP per capita, PPP (constant 2017 international $)",NY.GDP.PCAP.PP.KD,11314.2582083995,10483.2495893329,10713.9928171029,11086.2700799085,11648.4388178514,12441.3246248883,13184.8089479498,14027.2778007848,14669.3607745665,15351.5919811853,16220.0291054162,16426.9803547161,16770.122418822,17379.2764617482,18282.5073362218,18929.5548916463,20112.0745920475,21538.6178829914,22450.8629017282,23068.3983650111,23968.8184099007,25157.8594589315,25562.4354663779,25933.8860175537,26814.5505905445,27862.5420361036,28728.5710830487,30143.3290263037
Poland,POL,"GDP per capita, PPP (current international $)",NY.GDP.PCAP.PP.CD,6173.86241160969,5913.85489554479,6181.76889777759,6548.11889536722,7027.07798101897,7662.77157126606,8250.35007365519,8920.16054746493,9471.41188027197,10022.3953632385,10655.425485274,11102.0835060116,11781.0563524395,12257.3348539845,13341.158266681,13895.9235416906,15139.6266951363,16786.7490490813,18310.4432086685,19261.0224550438,21064.0851811089,22850.6388460286,23833.2097049185,24719.2475053519,25612.257831144,26856.0352192633,28283.1543485005,30143.3290263037
Poland,POL,"GDP, PPP (constant 2017 international $)",NY.GDP.MKTP.PP.KD,431195228072.024,400944387060.797,411028052675.727,426393556741.555,448961723699.739,480172899014.914,509254939184.922,542149517725.881,567168551589.597,593496706274.051,620556075913.318,628300393057.688,641127884396.125,663967784132.211,698066753828.25,722454886091.61,767100006939.198,821064175325.645,855956188333.331,880096376267.751,911840821191.261,957590019839.473,972987173396.16,986530107149.401,1019267591191.87,1058398001150.75,1090826343409.05,1144687674834.63
Poland,POL,"GDP, PPP (current international $)",NY.GDP.MKTP.PP.CD,235290724466.851,226182435709.001,237155323465.297,251849872467.228,270842221199.277,295744653467.47,318664573874.385,344761172304.934,366197753276.07,387468520811.944,407661970478.243,424633333696.279,450394072658.275,468286207442.492,509395066675.547,530344105654.599,577444544059.52,639920274330.447,698099544956.881,734838882078.915,801336653343.38,869769693309.293,907167369644.705,940325020076.099,973566357429.12,1020164418525.45,1073913831246.99,1144687674834.63
Poland,POL,"Inflation, GDP deflator (annual %)",NY.GDP.DEFL.KD.ZG,..,55.2559948106915,38.6254669379488,30.642796378896,37.2340348170304,27.9783099118872,17.9623566294278,13.661969687921,11.0271242652208,6.16270783307753,6.11487273888849,3.12291428613408,1.84921594735954,0.766547245830935,4.9122324772958,2.56901111008503,1.72568745730248,3.71332653511391,3.87662238924693,3.77123378902394,1.65966092604037,3.22912192023782,2.349719331907,0.289942770233907,0.49955707860417,0.769528695514992,0.30876259197737,1.82910500172827
Poland,POL,Net barter terms of trade index (2000 = 100),TT.PRI.MRCH.XD.WD,..,..,..,..,..,..,..,..,..,..,100,102.3798387,104.1731074,103.1185371,105.4322553,103.3116997,102.0712038,102.516092,100.6773532,104.0746925,101.6691414,99.25287964,97.53647392,98.31043291,98.382004,99.99153392,100.3018998,98.77538126
Romania,ROU,"Government expenditure on education, total (% of government expenditure)",SE.XPD.TOTL.GB.ZS,..,..,..,..,..,..,14.72865,..,..,..,8.18758,9.84882,10.92235,11.13906,9.84331,10.83668,12.71962,12.00496,11.61622,11.02129,9.12913,8.32978,8.43579,..,9.25695,9.09451,9.51059,..
Romania,ROU,"GDP per capita, PPP (constant 2017 international $)",NY.GDP.PCAP.PP.KD,13313.8142074715,11695.0619166883,10766.5629381432,10946.0543125083,11392.9978992407,12127.6935308597,12637.9689702089,12059.8159580382,11839.5043488461,11813.4396143244,12119.8773119662,12931.5059443135,13921.5251552939,14350.5815269961,15937.628585249,16784.9535831296,18240.3225003864,19850.8788145085,22063.1022183805,21020.1832152419,20320.4737898523,20830.5442910639,21358.0992860413,22190.9882105253,23033.9987816552,24038.4935121247,25337.2100200108,27298.3547176622
Romania,ROU,"GDP per capita, PPP (current international $)",NY.GDP.PCAP.PP.CD,5270.67049486594,4786.40896134034,4506.82241021923,4690.51587651805,4986.28654816472,5419.13153288989,5735.27319678224,5562.20200458605,5544.23560139863,5596.49311641832,5850.31446446796,6521.48350836744,7162.31356960316,7551.72668715016,8982.16838779561,9602.12691658258,11542.7673516263,13685.8528378232,16782.1819976766,16647.8199172913,16979.1181543581,17907.5841692863,18931.537401015,19797.4111206535,20623.3090556572,21631.6519708325,24315.9105225686,27298.3547176622
Romania,ROU,"GDP, PPP (constant 2017 international $)",NY.GDP.MKTP.PP.KD,308904920462.41,268999931880.345,245416093315.911,249168099210.833,258965246172.298,275107874531.275,285858270689.031,271996823801.643,266475797168.976,265472087550.683,272006055036.014,286199701614.369,302521646701.014,309604124152.992,341889992128.358,357849923131.944,386581017395.789,414545544967.562,453129235473.321,428128308374.057,411426011482.021,419683974359.45,428401503012.891,443457895765.757,458583398029.999,476337556654.754,499205569628.542,534706277347.015
Romania,ROU,"GDP, PPP (current international $)",NY.GDP.MKTP.PP.CD,122289227161.248,110092934413.178,102729789956.102,106771526241.626,113339345346.246,122929042857.588,129726167379.11,125449781642.99,124786017897.726,125764617171.877,131298437866.935,144333277362.683,155640626375.007,162923413411.478,192683212748.558,204714321191.562,244634640986.204,285801418466.91,344670356095.532,339074255743.772,343774014965.047,360793553463.052,379729439793.368,395625386029.925,410589026899.589,428644508899.66,479083448961.771,534706277347.015
Romania,ROU,"Inflation, GDP deflator (annual %)",NY.GDP.DEFL.KD.ZG,..,195.003978595175,199.858895609549,227.308735779621,139.023070589532,43.9334732007336,44.0022839129308,135.338399472194,48.1345197660485,49.5224630026867,43.1807891473077,37.9563154083491,22.7142690496692,23.1532554708977,15.4565958769332,12.0069901176313,10.6065793571017,15.8162274724437,16.0155798889218,4.08677823184489,3.54069942227548,3.78492476541541,4.00827052512503,3.39224678389594,1.74338842066166,2.60817055509601,2.45550906363117,4.6791855192658
Romania,ROU,Net barter terms of trade index (2000 = 100),TT.PRI.MRCH.XD.WD,..,..,..,..,..,..,..,..,..,..,100,100.3833241,102.5362182,103.7093282,107.1892846,106.9707949,108.0937846,107.6302992,106.8060982,107.7232239,108.5192108,109.2912302,108.727893,108.0154235,107.4959736,109.513829,109.6780887,107.2823363
Estonia,EST,"Government expenditure on education, total (% of government expenditure)",SE.XPD.TOTL.GB.ZS,..,..,..,..,..,..,19.68368,17.69421,16.02168,16.35712,14.6785,14.94748,15.14523,15.04903,14.30608,14.2577,..,13.68231,13.87971,12.93009,13.64279,13.4062,11.9912,12.58262,14.26602,12.9666,13.10831,..
Estonia,EST,"GDP per capita, PPP (constant 2017 international $)",NY.GDP.PCAP.PP.KD,..,..,..,11933.3956789654,11991.1166458426,12759.7064538942,13588.5306608657,15537.6274045005,16366.9138392452,16252.9512868587,17809.2060020081,18994.7307034058,20415.7379964141,22098.796686368,23735.7973395796,26137.541322585,28847.3857311452,31174.0544093025,29667.0656506567,25433.9416616962,26182.0559583368,28215.944730374,29197.8520485886,29696.409224341,30663.8502068091,31209.0979746975,32021.0631794111,33820.9187318032
Estonia,EST,"GDP per capita, PPP (current international $)",NY.GDP.PCAP.PP.CD,..,..,..,5794.27823962398,5946.61846659303,6460.46013576893,6870.95527733516,7966.30645486429,8438.26469925153,8419.57135494532,9437.24278918913,10326.2852655066,11670.3652656957,13123.0280540251,14521.3565698867,16624.9120413037,19310.004739652,22168.6450044105,22830.0903163589,20613.562675507,21812.9227917122,24780.9787761938,26190.5529510261,27642.5853670431,29135.7043979166,29397.1298449963,31231.4711464203,33820.9187318032
Estonia,EST,"GDP, PPP (constant 2017 international $)",NY.GDP.MKTP.PP.KD,..,..,..,17830020619.0213,17537175970.1779,18331028121.6839,19235842472.3376,21745453369.5576,22687095819.7528,22595568008.8475,24879193646.7153,26366870610.3582,28160448205.3538,30291262593.9384,32341210665.0442,35410487545.305,38851947576.5637,41794431265.4636,39667536810.8365,33941976656.6584,34860752957.1265,37454945456.9429,38619882113.26,39139778268.4538,40309010970.1099,41052665939.6029,42132994720.8374,44555137202.5778
Estonia,EST,"GDP, PPP (current international $)",NY.GDP.MKTP.PP.CD,..,..,..,8657393357.6129,8697012760.05084,9281316686.69026,9726483064.86399,11149124704.3085,11696751242.4557,11705258558.7846,13183686617.8554,14334071471.3286,16097518329.2373,17987997014.2133,19786074394.2991,22523015210.7572,26006907483.4107,29721058984.5131,30525885461.1003,27509108593.9042,29043361374.095,32895237685.6919,34642139626.1105,36432844586.0068,38300194537.7593,38669190378.0171,41094057419.7484,44555137202.5778
Estonia,EST,"Inflation, GDP deflator (annual %)",NY.GDP.DEFL.KD.ZG,..,..,..,..,39.6690168253366,31.4584807106849,22.5380025740831,9.91710082341002,6.88960166081118,6.68638532353863,3.71094471584692,6.76282143114713,4.8137306613371,3.89598353588181,4.67484070100006,5.9083332224436,9.0229400054041,12.4161048865342,6.90086702302773,-0.175091957590325,1.82629131260749,5.38582158530893,4.0230549588062,4.04323343937382,2.94872048750202,1.11874587447134,1.70903496217103,3.64009291322634
Estonia,EST,Net barter terms of trade index (2000 = 100),TT.PRI.MRCH.XD.WD,..,..,..,..,..,..,..,..,..,..,100,104.4065327,99.63668788,98.39753708,98.10098514,96.30037061,94.39689141,97.34959083,94.69962762,98.59091645,97.92736205,96.68386365,94.44985945,94.94051523,94.2502808,94.24876044,95.93711633,94.88493114
Slovak Republic,SVK,"Government expenditure on education, total (% of government expenditure)",SE.XPD.TOTL.GB.ZS,..,..,..,..,..,..,9.5867,8.52783,..,8.59327,7.44282,8.87773,9.41757,10.56774,10.86331,9.46612,9.58011,9.71228,9.54827,9.09838,9.76616,9.70747,9.62131,9.86131,10.06451,10.28055,9.41514,..
Slovak Republic,SVK,"GDP per capita, PPP (constant 2017 international $)",NY.GDP.PCAP.PP.KD,..,..,12008.8143934179,12190.5186990336,12896.087162974,13609.7844729651,14480.0549560561,15309.8267391093,15912.5141063666,15879.4463800853,16086.4469675584,16640.2915879572,17396.9989115121,18365.75911567,19339.2029579838,20618.1050845629,22368.2089161956,24783.9069441182,26143.1528373497,24683.9895571553,26071.8143095987,26784.0698504113,27245.4383280104,27398.7548936592,28125.5797938857,29453.7679680787,30040.4540688654,30905.9059639895
Slovak Republic,SVK,"GDP per capita, PPP (current international $)",NY.GDP.PCAP.PP.CD,..,..,7163.00048013817,7457.29304393477,8057.38184937958,8681.57553126822,9390.64129649923,10082.7321914949,10622.8246415435,10714.1771288139,11380.8310273659,12391.2733371517,13312.203306834,14165.6120561322,15212.5134767909,16639.3941239799,18891.2397697264,21200.328642364,23725.8577558996,23102.8127137402,25171.6131071418,26049.7923842016,26933.4222167626,27967.1723033741,28991.5658308395,29924.1215483702,29651.5654808572,30905.9059639895
Slovak Republic,SVK,"GDP, PPP (constant 2017 international $)",NY.GDP.MKTP.PP.KD,..,..,63706952498.112,64918230180.5569,68946750578.1101,72975650734.2546,77806562578.7286,82417252496.2063,85776661890.5951,85685810255.8679,86685358503.0215,89505915292.8408,93542132211.2962,98686092522.4043,103895613267.117,110777099325.075,120185594390.001,133204131507.81,140630110466.715,132957989454.599,140564309679.571,144590694135.343,147331860148.344,148320227950.05,152402644824.559,159751376159.033,163143637876.286,168104392708.322
Slovak Republic,SVK,"GDP, PPP (current international $)",NY.GDP.MKTP.PP.CD,..,..,37999832155.1407,39712359933.3311,43077430360.1754,46550599317.0847,50459305707.5984,54278281461.8849,57262506195.4346,57813914070.6221,61328111773.7871,66651011241.1851,71578545706.9555,76117131516.5072,81725881901.094,89400253225.0781,101503651409.687,113943752728.48,127626916993.841,124441129018.167,135710939711.011,140626782410.196,145644608377.499,151397294776.879,157095119197.712,162302480378.172,161031662510.308,168104392708.322
Slovak Republic,SVK,"Inflation, GDP deflator (annual %)",NY.GDP.DEFL.KD.ZG,..,..,..,15.5779092259495,13.4484872323922,9.89107205230411,4.53846019392323,4.78876855622963,4.85331456575149,7.2150541826559,9.4895320837185,5.1214846027507,3.93782511312182,5.32528197063378,5.73872830171285,2.54310465575838,2.89907382207626,1.11554449771816,2.8580749443984,-1.16122294817393,0.487940516761356,1.67173222680177,1.26693526740689,0.511053251620638,-0.190516476841267,-0.218499940516054,-0.507606740935998,1.21489608876726
Slovak Republic,SVK,Net barter terms of trade index (2000 = 100),TT.PRI.MRCH.XD.WD,..,..,..,..,..,..,..,..,..,..,100,97.18906633,98.36739278,100.5655476,102.5367924,102.5936662,99.61567613,98.08125032,94.39070446,97.1601842,93.20171981,92.35443244,90.93086232,90.64966657,92.80712976,92.4821588,93.81561838,95.40286665
Slovenia,SVN,"Government expenditure on education, total (% of government expenditure)",SE.XPD.TOTL.GB.ZS,..,..,..,..,..,..,..,..,..,..,..,13.81725,13.72527,13.69596,13.49902,13.29055,13.3197,12.89666,12.54904,12.30418,12.08019,12.07168,12.63184,9.99504,11.27432,11.21851,11.74521,..
Slovenia,SVN,"GDP per capita, PPP (constant 2017 international $)",NY.GDP.PCAP.PP.KD,22122.8871061392,20141.1452104662,19068.6467239478,19657.6365129132,20728.8628840902,21575.5780451498,22280.5732893267,23437.1875668494,24258.6339415737,25534.0203939923,26393.4636071071,27199.552768972,28118.1957410519,28933.1165138888,30175.0287252389,31266.8634903915,32958.2390512228,35062.1580984714,36235.4358207379,33198.7901596813,33498.4993370281,33716.9177787681,32758.1081044729,32376.9603317336,33240.4970057813,33949.6025823699,34983.790720201,36650.8021903461
Slovenia,SVN,"GDP per capita, PPP (current international $)",NY.GDP.PCAP.PP.CD,12356.9310724456,11630.5078623036,11262.1896596634,11885.135159681,12800.4444730116,13602.6579039401,14282.7159326736,15277.6502210776,16055.7513486949,17083.2512257515,18007.9661809151,18956.2899965755,20241.5254208308,21089.3042502197,22740.2953689768,23852.6432841831,25689.3954889946,27541.483838738,29604.2912348481,27564.2349338811,27845.5119877052,28931.3837141518,29042.8202729641,29973.6991074851,30870.0236667425,31636.750034272,33868.3155825616,36650.8021903461
Slovenia,SVN,"GDP, PPP (constant 2017 international $)",NY.GDP.MKTP.PP.KD,44205090222.8901,40270789827.0173,38070515047.0684,39153018894.0489,41238891162.7131,42932638635.8582,44307771899.2072,46545223271.51,48071612519.0067,50635111472.2044,52494619604.7654,54183141088.9583,56082584951.4003,57742775419.6127,60259894464.6469,62548547474.0775,66142835288.2493,70759712626.0033,73243266191.4306,67714543126.207,68624456267.347,69215538643.7197,67388636910.0893,66695016566.2356,68541240015.9809,70056057366.4003,72242997156.4253,75734777836.5049
Slovenia,SVN,"GDP, PPP (current international $)",NY.GDP.MKTP.PP.CD,24691137748.649,23254374704.6179,22484939131.1387,23672170413.754,25465754653.7216,27067548088.6292,28403008819.7608,30340741122.4503,31816542489.3629,33876855926.9704,35816494136.3765,37762067050.5781,40372329697.6097,42088620439.2036,45412642735.3912,47716592721.283,51555225746.2075,55582074447.6016,59839627541.6582,56221915503.3542,57043842484.3091,59391588537.9105,59745699109.9106,61744411397.5613,63653371400.3498,65283414434.9714,69939494147.2441,75734777836.5049
Slovenia,SVN,"Inflation, GDP deflator (annual %)",NY.GDP.DEFL.KD.ZG,..,94.9277772987138,208.17783592983,37.079120291374,22.5892366380271,25.4043439431618,11.4524635954296,8.43083007654826,7.4280299673206,6.53141543702105,5.565273324209,8.67521565163634,7.58168582215733,5.64045036940546,3.36094385746031,1.52057830293708,2.22108946875818,4.17748381884353,4.46561671515728,3.39968303261654,-1.02931707325916,1.04001394058119,0.479042876812329,1.60035618631579,0.456033235194496,1.00504268819512,0.751406256506911,1.58192081381566
Slovenia,SVN,Net barter terms of trade index (2000 = 100),TT.PRI.MRCH.XD.WD,..,..,..,..,..,..,..,..,..,..,100,101.62389,103.8336151,103.8724782,102.4425019,99.24516962,99.17115818,97.91006016,96.43603587,99.9310529,96.65474749,95.15329825,94.37944563,95.28245313,95.82157047,96.76174351,97.10213812,95.91357857
Croatia,HRV,"Government expenditure on education, total (% of government expenditure)",SE.XPD.TOTL.GB.ZS,..,..,..,..,..,..,..,..,..,..,..,..,7.55612,7.75087,7.83662,..,..,8.73112,9.4254,9.07877,8.83678,8.55059,..,9.56341,..,..,..,..
Croatia,HRV,"GDP per capita, PPP (constant 2017 international $)",NY.GDP.PCAP.PP.KD,..,..,..,..,..,14903.8455401456,15991.0953226727,17154.4449249388,17508.7915335185,17440.7974471104,18191.17156906,19537.4762411562,20524.8932619258,21676.3928975576,22571.9142911772,23515.3773596644,24685.5867837269,25991.3031356375,26451.7705057772,24530.8035475423,24218.6298213892,24227.0923009734,23757.4665772132,23693.0479124939,23765.0467594236,24545.6836154679,25578.754193247,26700.3720990885
Croatia,HRV,"GDP per capita, PPP (current international $)",NY.GDP.PCAP.PP.CD,..,..,..,..,..,7958.94791814552,8680.66503454285,9461.56354715068,9785.09521238303,9843.84912428145,10604.2054061123,11613.6037447447,12647.6644986728,13550.4200790754,14534.4846394002,15303.9218631794,17428.3690102308,19353.6140610011,20776.4162731957,20013.8623313978,19776.2031422416,20743.4124776371,21136.4182488782,21769.2601666604,22062.0673940023,23013.6011900918,24871.8953300202,26700.3720990885
Croatia,HRV,"GDP, PPP (constant 2017 international $)",NY.GDP.MKTP.PP.KD,..,..,..,..,..,68856213510.8389,72872972521.6656,77794035379.0035,79352206916.7631,78703290237.438,81283648304.374,84004153420.4772,88301662144.2322,93282167518.9564,97163062257.8012,101354686149.871,106423489632.945,112028156627.378,113999327607.601,105609549347.612,104029356437.8,103707024299.577,101386366551.319,100830243377.673,100725512769.627,103180333828.715,106774646987.826,110126512434.226
Croatia,HRV,"GDP, PPP (current international $)",NY.GDP.MKTP.PP.CD,..,..,..,..,..,36770578150.2699,39558632586.9201,42907433761.2446,44347372490.3736,44421324026.6851,47382792224.5424,49934338432.2617,54412453366.9133,58312864217.8732,62565142578.762,65962122298.9734,75136469913.7776,83418276337.1658,89540225094.673,86163299845.7496,84947236934.6695,88794707806.848,90200890789.3463,92643201029.3947,93507623759.9981,96740066017.0745,103823971398.974,110126512434.226
Croatia,HRV,"Inflation, GDP deflator (annual %)",NY.GDP.DEFL.KD.ZG,..,..,..,..,..,..,3.82324680170586,6.84316483517962,8.10593511745191,3.53882603594332,4.36220226182962,4.30485371327107,3.85706281104483,4.29707162972908,3.60948986791018,3.12955297189713,3.8537897559326,4.14262482480963,5.5603635906896,2.97417737830862,0.921543999895874,1.6502027525509,1.45843216447173,0.764415163812046,0.144385467810309,0.0819091285520841,-0.102637189766426,1.16886058015282
Croatia,HRV,Net barter terms of trade index (2000 = 100),TT.PRI.MRCH.XD.WD,..,..,..,..,..,..,..,..,..,..,100,98.78108891,97.44811676,97.20635792,97.87296236,97.95373386,98.9305657,100.8850122,99.52687869,99.74252677,100.5446073,100.8403286,99.45568564,98.64067659,99.28382107,100.1912106,99.14148755,98.09490116
Hungary,HUN,"Government expenditure on education, total (% of government expenditure)",SE.XPD.TOTL.GB.ZS,..,..,..,..,..,..,9.59911,..,8.6998,9.38613,10.32361,10.45507,10.17915,11.82977,11.0059,10.80057,10.32771,10.33817,10.27056,9.86438,9.67102,9.29022,8.59944,8.51606,9.3679,9.12867,10.06791,..
Hungary,HUN,"GDP per capita, PPP (constant 2017 international $)",NY.GDP.PCAP.PP.KD,..,16543.9712830944,16043.3117422527,15969.0849185251,16462.2371380002,16730.7226603125,16773.298510271,17335.3926461896,18053.4311638144,18660.6404432328,19547.1971641282,20390.285687826,21417.9471435399,22356.7143792143,23486.8971945374,24532.3343548483,25561.0077498318,25662.6353647423,25979.670814072,24276.7262254787,24493.2902561854,25009.6098194132,24769.1084232477,25324.9631779843,26458.5440412536,27541.4534992241,28230.5536832764,29529.3092284512
Hungary,HUN,"GDP per capita, PPP (current international $)",NY.GDP.PCAP.PP.CD,..,8310.04581605057,8242.21136412755,8398.45538468297,8842.69084094294,9175.34821123271,9335.54523013098,9821.53104306728,10397.905633794,10873.2478627727,11857.6196880759,13213.5738346249,14526.3882629125,15464.4113398097,16228.9939290968,17073.5514251442,18339.6180652971,19044.4187870779,20696.7285678852,20693.725076738,21586.0361423547,22894.3476393949,23148.1278813822,24498.1791614004,25604.9882089604,26668.0408752434,27699.6309373747,29529.3092284512
Hungary,HUN,"GDP, PPP (constant 2017 international $)",NY.GDP.MKTP.PP.KD,..,171617231708.051,166358570224.722,165400164332.577,170274762812.52,172811048783.074,172953472984.45,178389615330.117,185346814783.482,191038866356.809,199595863374.195,207727585106.44,217576529195.942,226463500853.399,237385499032.18,247459251239.088,257434366621.424,258057815448.068,260788819809.768,243317130103.794,244933465907.53,249389001495.708,245718521975.866,250541937366.78,261052378109.619,271091297953.561,277055303150.409,289031874731.567
Hungary,HUN,"GDP, PPP (current international $)",NY.GDP.MKTP.PP.CD,..,86203429268.219,85466300228.7137,86987194811.3277,91463090523.1214,94771850536.6353,96261028727.6453,101068327697.249,106750826042.741,111315201192.571,121077810763.972,134614287671.853,147567884018.729,156647558815.992,164028811074.495,172222023006.273,184705079194.291,191506485550.722,207757652349.402,207405963640.368,215860857902.379,228296184503.14,229637808205.604,242362495294.426,252630796804.085,262494273040.165,271844815110.907,289031874731.567
Hungary,HUN,"Inflation, GDP deflator (annual %)",NY.GDP.DEFL.KD.ZG,..,..,21.5091796534292,21.2784551020796,19.4910605212174,26.7327889564411,21.9302772697129,20.2607963183544,13.7672411196839,8.12026370073599,9.58348411198008,11.0465583500713,8.09151375809533,5.44397717005751,5.08984775085881,2.62660244093816,3.65899032869254,5.44070201807727,4.78952411281135,4.19132276081717,2.38360870002599,2.18213634928421,3.20071108568609,2.97854923817167,3.59043028029025,2.45562579310685,0.972844703647894,3.70423008762573
Hungary,HUN,Net barter terms of trade index (2000 = 100),TT.PRI.MRCH.XD.WD,..,..,..,..,..,..,..,..,..,..,100,98.91447564,98.76359013,99.3901924,98.55889163,97.05358331,93.50206252,93.29894477,92.48089298,95.02586814,97.23537194,97.84225857,97.38841285,99.5049545,99.88125682,100.8537902,101.9641898,102.7425016
,,,,,,,,,,,,,,,,,,,,,,,,,,,,,,,
,,,,,,,,,,,,,,,,,,,,,,,,,,,,,,,
,,,,,,,,,,,,,,,,,,,,,,,,,,,,,,,
Data from database: World Development Indicators,,,,,,,,,,,,,,,,,,,,,,,,,,,,,,,
Last Updated: 05/28/2020,,,,,,,,,,,,,,,,,,,,,,,,,,,,,,,
